2zb4,i65y+m135a,gctggtcagacctggCGCaccaattgcacccag,cagctgccacggggtATAataatcggtgccggt
2zb4,d49h+y51g+f99w,ctgccaaggccaataCCAgctggtaacaaaatc,catacgacaacgcatGCCcggATGaacgctcagatacag
2zb4,d49h+y51g+g77n+f99y,ctgccaaggccaataATAgctggtaacaaaatc,gataataccaataccGTTaccatcaacaacctg,catacgacaacgcatGCCcggATGaacgctcagatacag
2zb4,d49h+g77n+f99y,ctgccaaggccaataATAgctggtaacaaaatc,gataataccaataccGTTaccatcaacaacctg,acaacgcatatacggATGaacgctcagatacag
2zb4,d49h,acaacgcatatacggATGaacgctcagatacag
2zb4,d49h,acaacgcatatacggATGaacgctcagatacag
2zb4,d49h+m135k,gctggtcagacctggTTTaccaattgcacccag,acaacgcatatacggATGaacgctcagatacag
2zb4,d49h+f99w+m135k,gctggtcagacctggTTTaccaattgcacccag,ctgccaaggccaataCCAgctggtaacaaaatc,acaacgcatatacggATGaacgctcagatacag
2zb4,d49h+y51a+f99w+m135k,gctggtcagacctggTTTaccaattgcacccag,ctgccaaggccaataCCAgctggtaacaaaatc,catacgacaacgcatCGCcggATGaacgctcagatacag
2zb4,d49h+y51g,catacgacaacgcatGCCcggATGaacgctcagatacag
2zb4,d49h+y51a+m52h,attcatacgacaacgATGCGCcggATGaacgctcagatacag
2zb4,d49h+y51a+m52h+m135k,gctggtcagacctggTTTaccaattgcacccag,attcatacgacaacgATGCGCcggATGaacgctcagatacag
2zb4,d49h+y51a,catacgacaacgcatCGCcggATGaacgctcagatacag
2zb4,d49h+a166s,tgcaacgctaccacaGCTaccggctgcaccgct,acaacgcatatacggATGaacgctcagatacag
2zb4,s47k+d49h+k340s,gatacacacaatttgGCTgccaatattgccacc,acaacgcatatacggATGaacTTTcagatacagggtacg
2zb4,i65h,cagctgccacggggtATGataatcggtgccggt
2zb4,c54w+i65h,cagctgccacggggtATGataatcggtgccggt,atcttcattcatacgCCAacgcatatacggatc
2zb4,d49h+y51g+m135k,gctggtcagacctggTTTaccaattgcacccag,catacgacaacgcatGCCcggATGaacgctcagatacag
2zb4,i65y+m135a,gctggtcagacctggCGCaccaattgcacccag,cagctgccacggggtATAataatcggtgccggt
2zb4,i65y+m135a,gctggtcagacctggCGCaccaattgcacccag,cagctgccacggggtATAataatcggtgccggt
2zb4,d49h+y51a,catacgacaacgcatCGCcggATGaacgctcagatacag
2zb4,d49h,acaacgcatatacggATGaacgctcagatacag
2zb4,d49h+y51a+m52d+g76w+m135w,gctggtcagacctggCCAaccaattgcacccag,aataccaataccaccCCAatcaacaacctggct,attcatacgacaacgATCCGCcggATGaacgctcagataca
2zb4,d49h+y51a+m52d+m135w,gctggtcagacctggCCAaccaattgcacccag,attcatacgacaacgATCCGCcggATGaacgctcagatacag
2zb4,d49h+y51a+m52d+f99y+m135w,gctggtcagacctggCCAaccaattgcacccag,ctgccaaggccaataATAgctggtaacaaaatc,attcatacgacaacgATCCGCcggATGaacgctcagatacag
2zb4,d49h+y51a+m52d+g76d+f99y+m135w,gctggtcagacctggCCAaccaattgcacccag,ctgccaaggccaataATAgctggtaacaaaatc,aataccaataccaccATCatcaacaacctggct,attcatacgacaacgATCCGCcggATGaacgctcagatacag
2zb4,i65y,cagctgccacggggtATAataatcggtgccgg
